{
  "hash": "57c811d3",
  "configHash": "ae1c2872",
  "lockfileHash": "b3149579",
  "browserHash": "db80eb02",
  "optimized": {
    "@angular/core": {
      "src": "../../../../../../node_modules/@angular/core/fesm2022/core.mjs",
      "file": "@angular_core.js",
      "fileHash": "e1bd5fa3",
      "needsInterop": false
    },
    "@angular/platform-browser": {
      "src": "../../../../../../node_modules/@angular/platform-browser/fesm2022/platform-browser.mjs",
      "file": "@angular_platform-browser.js",
      "fileHash": "7be0ecb7",
      "needsInterop": false
    },
    "@angular/router": {
      "src": "../../../../../../node_modules/@angular/router/fesm2022/router.mjs",
      "file": "@angular_router.js",
      "fileHash": "3ff323cf",
      "needsInterop": false
    },
    "@angular/common": {
      "src": "../../../../../../node_modules/@angular/common/fesm2022/common.mjs",
      "file": "@angular_common.js",
      "fileHash": "7cf70b40",
      "needsInterop": false
    }
  },
  "chunks": {
    "chunk-4CCQPQHY": {
      "file": "chunk-4CCQPQHY.js"
    },
    "chunk-XQPTOUZP": {
      "file": "chunk-XQPTOUZP.js"
    },
    "chunk-5T6PAE7P": {
      "file": "chunk-5T6PAE7P.js"
    }
  }
}