{
  "hash": "dc8897bd",
  "configHash": "309c5296",
  "lockfileHash": "8824042d",
  "browserHash": "cc181c96",
  "optimized": {
    "@angular/core": {
      "src": "../../../../../../node_modules/@angular/core/fesm2022/core.mjs",
      "file": "@angular_core.js",
      "fileHash": "d0662f23",
      "needsInterop": false
    },
    "@angular/platform-browser": {
      "src": "../../../../../../node_modules/@angular/platform-browser/fesm2022/platform-browser.mjs",
      "file": "@angular_platform-browser.js",
      "fileHash": "9872f09a",
      "needsInterop": false
    },
    "@angular/router": {
      "src": "../../../../../../node_modules/@angular/router/fesm2022/router.mjs",
      "file": "@angular_router.js",
      "fileHash": "29f08355",
      "needsInterop": false
    },
    "@angular/common/http": {
      "src": "../../../../../../node_modules/@angular/common/fesm2022/http.mjs",
      "file": "@angular_common_http.js",
      "fileHash": "fcca3c0f",
      "needsInterop": false
    }
  },
  "chunks": {
    "chunk-SKI4Q2JD": {
      "file": "chunk-SKI4Q2JD.js"
    },
    "chunk-LZ52C6LW": {
      "file": "chunk-LZ52C6LW.js"
    },
    "chunk-5T6PAE7P": {
      "file": "chunk-5T6PAE7P.js"
    }
  }
}